date,country,revenue
2023-01-01,USA,10512.04
2023-01-01,EIRE,12820.07
2023-01-01,Germany,10102.46
2023-01-01,Singapore,13519.54
2023-01-02,USA,12231.03
2023-01-02,EIRE,13033.16
2023-01-02,Germany,14877.41
2023-01-02,Singapore,11041.83
2023-01-03,USA,11407.25
2023-01-03,EIRE,13915.76
2023-01-03,Germany,13639.21
2023-01-03,Singapore,11221.56
2023-01-04,USA,14637.81
2023-01-04,EIRE,10759.89
2023-01-04,Germany,14049.73
2023-01-04,Singapore,8816.38
2023-01-05,USA,9856.82
2023-01-05,EIRE,14024.88
2023-01-05,Germany,13582.91
2023-01-05,Singapore,10048.02
2023-01-06,USA,9875.82
2023-01-06,EIRE,9368.61
2023-01-06,Germany,9873.58
2023-01-06,Singapore,14992.68
2023-01-07,USA,10126.9
2023-01-07,EIRE,9276.22
2023-01-07,Germany,12206.85
2023-01-07,Singapore,11025.72
2023-01-08,USA,8382.69
2023-01-08,EIRE,13798.4
2023-01-08,Germany,9892.28
2023-01-08,Singapore,10043.98
2023-01-09,USA,8672.14
2023-01-09,EIRE,11207.86
2023-01-09,Germany,13837.74
2023-01-09,Singapore,14202.35
2023-01-10,USA,10458.02
2023-01-10,EIRE,14135.09
2023-01-10,Germany,12786.65
2023-01-10,Singapore,10296.08
2023-01-11,USA,12630.44
2023-01-11,EIRE,14077.39
2023-01-11,Germany,14034.43
2023-01-11,Singapore,11862.51
2023-01-12,USA,8580.8
2023-01-12,EIRE,8816.53
2023-01-12,Germany,13971.26
2023-01-12,Singapore,10178.71
2023-01-13,USA,14213.11
2023-01-13,EIRE,14941.46
2023-01-13,Germany,12870.24
2023-01-13,Singapore,10257.77
2023-01-14,USA,10536.13
2023-01-14,EIRE,10263.95
2023-01-14,Germany,10380.86
2023-01-14,Singapore,12407.32
2023-01-15,USA,12056.57
2023-01-15,EIRE,13893.87
2023-01-15,Germany,12445.36
2023-01-15,Singapore,10528.84
2023-01-16,USA,13363.94
2023-01-16,EIRE,13119.27
2023-01-16,Germany,14735.76
2023-01-16,Singapore,9879.01
2023-01-17,USA,10895.65
2023-01-17,EIRE,10584.35
2023-01-17,Germany,12196.27
2023-01-17,Singapore,9090.59
2023-01-18,USA,12267.19
2023-01-18,EIRE,11344.27
2023-01-18,Germany,8428.71
2023-01-18,Singapore,9745.72
2023-01-19,USA,9356.62
2023-01-19,EIRE,8230.11
2023-01-19,Germany,9328.39
2023-01-19,Singapore,11849.23
2023-01-20,USA,9705.07
2023-01-20,EIRE,10475.08
2023-01-20,Germany,11157.7
2023-01-20,Singapore,14123.81
2023-01-21,USA,9451.05
2023-01-21,EIRE,9407.89
2023-01-21,Germany,11172.02
2023-01-21,Singapore,12325.72
2023-01-22,USA,14738.25
2023-01-22,EIRE,10975.7
2023-01-22,Germany,11606.68
2023-01-22,Singapore,14340.94
2023-01-23,USA,12286.81
2023-01-23,EIRE,12662.31
2023-01-23,Germany,13183.79
2023-01-23,Singapore,11383.23
2023-01-24,USA,9638.57
2023-01-24,EIRE,14333.68
2023-01-24,Germany,9865.27
2023-01-24,Singapore,13543.07
2023-01-25,USA,14780.94
2023-01-25,EIRE,11113.03
2023-01-25,Germany,9438.47
2023-01-25,Singapore,12481.8
2023-01-26,USA,10546.07
2023-01-26,EIRE,10773.75
2023-01-26,Germany,8323.47
2023-01-26,Singapore,14542.07
2023-01-27,USA,14901.41
2023-01-27,EIRE,10528.8
2023-01-27,Germany,9932.98
2023-01-27,Singapore,8151.43
2023-01-28,USA,13298.1
2023-01-28,EIRE,12461.41
2023-01-28,Germany,12096.5
2023-01-28,Singapore,12470.01
2023-01-29,USA,9665.37
2023-01-29,EIRE,8651.84
2023-01-29,Germany,8613.53
2023-01-29,Singapore,11882.12
2023-01-30,USA,13556.12
2023-01-30,EIRE,13851.35
2023-01-30,Germany,11259.64
2023-01-30,Singapore,9172.31
2023-01-31,USA,12632.62
2023-01-31,EIRE,13935.99
2023-01-31,Germany,10980.06
2023-01-31,Singapore,13625.84
2023-02-01,USA,9103.03
2023-02-01,EIRE,12115.34
2023-02-01,Germany,11573.67
2023-02-01,Singapore,10961.03
2023-02-02,USA,9732.43
2023-02-02,EIRE,9251.63
2023-02-02,Germany,13497.12
2023-02-02,Singapore,13963.96
2023-02-03,USA,12934.35
2023-02-03,EIRE,12744.31
2023-02-03,Germany,13497.2
2023-02-03,Singapore,12784.08
2023-02-04,USA,12582.29
2023-02-04,EIRE,14353.65
2023-02-04,Germany,10463.24
2023-02-04,Singapore,8153.62
2023-02-05,USA,14980.83
2023-02-05,EIRE,14181.73
2023-02-05,Germany,12345.88
2023-02-05,Singapore,12948.67
2023-02-06,USA,10614.8
2023-02-06,EIRE,10890.67
2023-02-06,Germany,13209.64
2023-02-06,Singapore,8689.67
2023-02-07,USA,14860.97
2023-02-07,EIRE,9095.96
2023-02-07,Germany,11350.32
2023-02-07,Singapore,8449.8
2023-02-08,USA,9474.7
2023-02-08,EIRE,14907.73
2023-02-08,Germany,11748.95
2023-02-08,Singapore,9574.64
2023-02-09,USA,11390.22
2023-02-09,EIRE,11232.25
2023-02-09,Germany,13398.08
2023-02-09,Singapore,8259.23
2023-02-10,USA,12094.89
2023-02-10,EIRE,11820.07
2023-02-10,Germany,13681.66
2023-02-10,Singapore,8310.77
2023-02-11,USA,8565.22
2023-02-11,EIRE,10616.47
2023-02-11,Germany,9638.63
2023-02-11,Singapore,13611.41
2023-02-12,USA,8478.83
2023-02-12,EIRE,11068.83
2023-02-12,Germany,13158.17
2023-02-12,Singapore,13138.45
2023-02-13,USA,10343.9
2023-02-13,EIRE,14325.54
2023-02-13,Germany,8212.65
2023-02-13,Singapore,10845.24
2023-02-14,USA,10305.85
2023-02-14,EIRE,13236.98
2023-02-14,Germany,13843.48
2023-02-14,Singapore,8046.94
2023-02-15,USA,13378.99
2023-02-15,EIRE,9369.66
2023-02-15,Germany,14043.26
2023-02-15,Singapore,9695.16
2023-02-16,USA,14993.97
2023-02-16,EIRE,8235.18
2023-02-16,Germany,10262.77
2023-02-16,Singapore,9501.81
2023-02-17,USA,9193.67
2023-02-17,EIRE,8795.78
2023-02-17,Germany,12826.22
2023-02-17,Singapore,12030.26
2023-02-18,USA,12234.05
2023-02-18,EIRE,9811.72
2023-02-18,Germany,11139.03
2023-02-18,Singapore,11792.5
2023-02-19,USA,12707.9
2023-02-19,EIRE,11991.55
2023-02-19,Germany,9658.84
2023-02-19,Singapore,12143.0
2023-02-20,USA,13147.13
2023-02-20,EIRE,9316.99
2023-02-20,Germany,12374.4
2023-02-20,Singapore,9132.9
2023-02-21,USA,14429.77
2023-02-21,EIRE,13162.51
2023-02-21,Germany,11102.76
2023-02-21,Singapore,13944.12
2023-02-22,USA,11186.65
2023-02-22,EIRE,10273.93
2023-02-22,Germany,9411.75
2023-02-22,Singapore,8329.8
2023-02-23,USA,8292.8
2023-02-23,EIRE,8263.02
2023-02-23,Germany,10505.75
2023-02-23,Singapore,9188.62
2023-02-24,USA,8318.22
2023-02-24,EIRE,14159.31
2023-02-24,Germany,13066.85
2023-02-24,Singapore,10357.66
2023-02-25,USA,13684.65
2023-02-25,EIRE,8620.52
2023-02-25,Germany,11572.71
2023-02-25,Singapore,12686.1
2023-02-26,USA,12460.71
2023-02-26,EIRE,8449.66
2023-02-26,Germany,13626.79
2023-02-26,Singapore,14100.19
2023-02-27,USA,8191.26
2023-02-27,EIRE,11347.71
2023-02-27,Germany,8302.95
2023-02-27,Singapore,13817.55
2023-02-28,USA,13126.33
2023-02-28,EIRE,14803.06
2023-02-28,Germany,13018.22
2023-02-28,Singapore,11896.09
2023-03-01,USA,9908.07
2023-03-01,EIRE,13689.37
2023-03-01,Germany,14227.53
2023-03-01,Singapore,8573.94
2023-03-02,USA,12342.61
2023-03-02,EIRE,12924.78
2023-03-02,Germany,11790.93
2023-03-02,Singapore,8159.85
2023-03-03,USA,12962.87
2023-03-03,EIRE,9499.66
2023-03-03,Germany,13073.11
2023-03-03,Singapore,11925.5
2023-03-04,USA,11020.37
2023-03-04,EIRE,12259.92
2023-03-04,Germany,14571.12
2023-03-04,Singapore,10363.0
2023-03-05,USA,13172.39
2023-03-05,EIRE,12261.5
2023-03-05,Germany,14510.72
2023-03-05,Singapore,9509.1
2023-03-06,USA,8291.32
2023-03-06,EIRE,8912.4
2023-03-06,Germany,13156.47
2023-03-06,Singapore,11783.52
2023-03-07,USA,14863.42
2023-03-07,EIRE,14868.41
2023-03-07,Germany,9349.43
2023-03-07,Singapore,11544.83
2023-03-08,USA,13472.12
2023-03-08,EIRE,9711.16
2023-03-08,Germany,14137.92
2023-03-08,Singapore,12306.48
2023-03-09,USA,13544.71
2023-03-09,EIRE,14510.43
2023-03-09,Germany,12887.54
2023-03-09,Singapore,9376.95
2023-03-10,USA,8821.92
2023-03-10,EIRE,8029.29
2023-03-10,Germany,11065.53
2023-03-10,Singapore,8900.87
2023-03-11,USA,9000.44
2023-03-11,EIRE,12954.14
2023-03-11,Germany,13243.73
2023-03-11,Singapore,11686.93
2023-03-12,USA,14336.88
2023-03-12,EIRE,13024.8
2023-03-12,Germany,14334.95
2023-03-12,Singapore,13518.65
2023-03-13,USA,11333.23
2023-03-13,EIRE,12082.38
2023-03-13,Germany,9630.35
2023-03-13,Singapore,14042.46
2023-03-14,USA,14520.44
2023-03-14,EIRE,11174.33
2023-03-14,Germany,8688.68
2023-03-14,Singapore,13862.61
2023-03-15,USA,9416.81
2023-03-15,EIRE,14783.91
2023-03-15,Germany,11115.22
2023-03-15,Singapore,11770.66
2023-03-16,USA,14106.45
2023-03-16,EIRE,13019.86
2023-03-16,Germany,13336.09
2023-03-16,Singapore,14817.83
2023-03-17,USA,10489.01
2023-03-17,EIRE,12871.56
2023-03-17,Germany,10574.11
2023-03-17,Singapore,9668.62
2023-03-18,USA,9822.87
2023-03-18,EIRE,11646.78
2023-03-18,Germany,9553.25
2023-03-18,Singapore,11588.37
2023-03-19,USA,14609.34
2023-03-19,EIRE,13202.48
2023-03-19,Germany,12578.04
2023-03-19,Singapore,14534.75
2023-03-20,USA,11535.7
2023-03-20,EIRE,9805.02
2023-03-20,Germany,9521.25
2023-03-20,Singapore,11960.82
2023-03-21,USA,8356.5
2023-03-21,EIRE,8308.75
2023-03-21,Germany,13241.89
2023-03-21,Singapore,8157.62
2023-03-22,USA,13847.58
2023-03-22,EIRE,9435.58
2023-03-22,Germany,14991.17
2023-03-22,Singapore,8692.62
2023-03-23,USA,13881.13
2023-03-23,EIRE,9924.0
2023-03-23,Germany,10437.61
2023-03-23,Singapore,8996.9
2023-03-24,USA,13773.34
2023-03-24,EIRE,12013.5
2023-03-24,Germany,14327.7
2023-03-24,Singapore,14122.25
2023-03-25,USA,11833.18
2023-03-25,EIRE,9863.14
2023-03-25,Germany,10911.7
2023-03-25,Singapore,10462.81
2023-03-26,USA,9039.77
2023-03-26,EIRE,10878.87
2023-03-26,Germany,12780.04
2023-03-26,Singapore,8014.9
2023-03-27,USA,14393.22
2023-03-27,EIRE,9727.41
2023-03-27,Germany,12685.71
2023-03-27,Singapore,10974.85
2023-03-28,USA,8531.55
2023-03-28,EIRE,13352.58
2023-03-28,Germany,13984.2
2023-03-28,Singapore,14291.32
2023-03-29,USA,12471.78
2023-03-29,EIRE,14594.56
2023-03-29,Germany,13054.01
2023-03-29,Singapore,9790.97
2023-03-30,USA,10816.49
2023-03-30,EIRE,11111.09
2023-03-30,Germany,10770.19
2023-03-30,Singapore,13953.94
2023-03-31,USA,12975.43
2023-03-31,EIRE,11837.49
2023-03-31,Germany,12402.74
2023-03-31,Singapore,9411.64
2023-04-01,USA,10270.06
2023-04-01,EIRE,8926.86
2023-04-01,Germany,9252.93
2023-04-01,Singapore,12493.6
2023-04-02,USA,9085.66
2023-04-02,EIRE,14371.72
2023-04-02,Germany,9269.84
2023-04-02,Singapore,14495.65
2023-04-03,USA,11924.62
2023-04-03,EIRE,10710.4
2023-04-03,Germany,8774.15
2023-04-03,Singapore,12047.96
2023-04-04,USA,13794.38
2023-04-04,EIRE,12422.99
2023-04-04,Germany,11633.44
2023-04-04,Singapore,11740.05
2023-04-05,USA,8810.17
2023-04-05,EIRE,11879.42
2023-04-05,Germany,8717.28
2023-04-05,Singapore,8747.68
2023-04-06,USA,10329.16
2023-04-06,EIRE,9602.62
2023-04-06,Germany,13999.73
2023-04-06,Singapore,12999.48
2023-04-07,USA,11740.89
2023-04-07,EIRE,11230.96
2023-04-07,Germany,9967.56
2023-04-07,Singapore,10914.21
2023-04-08,USA,9014.31
2023-04-08,EIRE,14822.37
2023-04-08,Germany,13289.58
2023-04-08,Singapore,8228.27
2023-04-09,USA,11972.53
2023-04-09,EIRE,8342.08
2023-04-09,Germany,12078.47
2023-04-09,Singapore,9350.92
2023-04-10,USA,10732.87
2023-04-10,EIRE,12918.67
2023-04-10,Germany,13019.81
2023-04-10,Singapore,8878.8
2023-04-11,USA,11116.67
2023-04-11,EIRE,14931.67
2023-04-11,Germany,13421.35
2023-04-11,Singapore,14114.25
2023-04-12,USA,8262.85
2023-04-12,EIRE,11814.91
2023-04-12,Germany,13010.17
2023-04-12,Singapore,11819.24
2023-04-13,USA,8178.06
2023-04-13,EIRE,13448.79
2023-04-13,Germany,12540.19
2023-04-13,Singapore,14029.09
2023-04-14,USA,12403.89
2023-04-14,EIRE,8132.39
2023-04-14,Germany,8309.48
2023-04-14,Singapore,9890.07
2023-04-15,USA,12781.29
2023-04-15,EIRE,9641.3
2023-04-15,Germany,8366.68
2023-04-15,Singapore,11467.76
2023-04-16,USA,13281.57
2023-04-16,EIRE,8456.75
2023-04-16,Germany,12400.45
2023-04-16,Singapore,14103.91
2023-04-17,USA,8306.99
2023-04-17,EIRE,8087.3
2023-04-17,Germany,13368.52
2023-04-17,Singapore,9949.24
2023-04-18,USA,9371.68
2023-04-18,EIRE,11666.54
2023-04-18,Germany,9349.36
2023-04-18,Singapore,10355.09
2023-04-19,USA,11599.75
2023-04-19,EIRE,8749.72
2023-04-19,Germany,8404.13
2023-04-19,Singapore,9559.53
2023-04-20,USA,11304.38
2023-04-20,EIRE,11730.16
2023-04-20,Germany,12905.93
2023-04-20,Singapore,10454.53
2023-04-21,USA,14007.78
2023-04-21,EIRE,8148.49
2023-04-21,Germany,12444.89
2023-04-21,Singapore,13903.65
2023-04-22,USA,13877.82
2023-04-22,EIRE,9083.91
2023-04-22,Germany,13489.89
2023-04-22,Singapore,11674.18
2023-04-23,USA,11534.64
2023-04-23,EIRE,14747.08
2023-04-23,Germany,13415.46
2023-04-23,Singapore,14931.77
2023-04-24,USA,12334.81
2023-04-24,EIRE,9771.87
2023-04-24,Germany,11924.77
2023-04-24,Singapore,12113.56
2023-04-25,USA,14505.26
2023-04-25,EIRE,14172.42
2023-04-25,Germany,12199.66
2023-04-25,Singapore,10153.42
2023-04-26,USA,14454.12
2023-04-26,EIRE,11500.62
2023-04-26,Germany,8233.49
2023-04-26,Singapore,8275.33
2023-04-27,USA,8427.3
2023-04-27,EIRE,14078.81
2023-04-27,Germany,11110.64
2023-04-27,Singapore,14182.23
2023-04-28,USA,14816.52
2023-04-28,EIRE,12464.87
2023-04-28,Germany,10361.0
2023-04-28,Singapore,12581.45
2023-04-29,USA,12817.95
2023-04-29,EIRE,12041.71
2023-04-29,Germany,13228.16
2023-04-29,Singapore,9562.32
2023-04-30,USA,14932.85
2023-04-30,EIRE,9571.45
2023-04-30,Germany,13735.46
2023-04-30,Singapore,8617.46
2023-05-01,USA,13420.92
2023-05-01,EIRE,14946.03
2023-05-01,Germany,11897.87
2023-05-01,Singapore,13426.27
2023-05-02,USA,13629.33
2023-05-02,EIRE,11411.41
2023-05-02,Germany,11409.78
2023-05-02,Singapore,10036.91
2023-05-03,USA,12155.59
2023-05-03,EIRE,11870.63
2023-05-03,Germany,13148.55
2023-05-03,Singapore,11073.18
2023-05-04,USA,10407.6
2023-05-04,EIRE,12567.62
2023-05-04,Germany,9887.34
2023-05-04,Singapore,13657.63
2023-05-05,USA,9548.78
2023-05-05,EIRE,9684.31
2023-05-05,Germany,13685.27
2023-05-05,Singapore,8364.36
2023-05-06,USA,9356.92
2023-05-06,EIRE,14291.41
2023-05-06,Germany,8804.42
2023-05-06,Singapore,8458.55
2023-05-07,USA,13767.17
2023-05-07,EIRE,9754.17
2023-05-07,Germany,11686.24
2023-05-07,Singapore,13304.57
2023-05-08,USA,11741.25
2023-05-08,EIRE,12929.1
2023-05-08,Germany,10282.44
2023-05-08,Singapore,10394.77
2023-05-09,USA,11991.9
2023-05-09,EIRE,12323.71
2023-05-09,Germany,10930.39
2023-05-09,Singapore,12804.49
2023-05-10,USA,12310.4
2023-05-10,EIRE,9100.34
2023-05-10,Germany,14817.84
2023-05-10,Singapore,13364.07
2023-05-11,USA,8949.4
2023-05-11,EIRE,13493.91
2023-05-11,Germany,10568.94
2023-05-11,Singapore,13333.66
2023-05-12,USA,8995.23
2023-05-12,EIRE,14472.16
2023-05-12,Germany,10739.08
2023-05-12,Singapore,10024.16
2023-05-13,USA,9761.61
2023-05-13,EIRE,8944.14
2023-05-13,Germany,8955.69
2023-05-13,Singapore,11764.17
2023-05-14,USA,11829.99
2023-05-14,EIRE,14112.91
2023-05-14,Germany,14915.72
2023-05-14,Singapore,10799.05
2023-05-15,USA,10301.02
2023-05-15,EIRE,10821.13
2023-05-15,Germany,12781.37
2023-05-15,Singapore,9924.64
2023-05-16,USA,14827.66
2023-05-16,EIRE,10444.29
2023-05-16,Germany,9870.78
2023-05-16,Singapore,12046.83
2023-05-17,USA,13895.99
2023-05-17,EIRE,14423.13
2023-05-17,Germany,9771.18
2023-05-17,Singapore,9114.53
2023-05-18,USA,13179.63
2023-05-18,EIRE,10902.63
2023-05-18,Germany,11228.39
2023-05-18,Singapore,10129.67
2023-05-19,USA,14857.04
2023-05-19,EIRE,8617.14
2023-05-19,Germany,9818.04
2023-05-19,Singapore,8008.57
2023-05-20,USA,11774.71
2023-05-20,EIRE,14141.76
2023-05-20,Germany,14435.94
2023-05-20,Singapore,14540.96
2023-05-21,USA,9523.65
2023-05-21,EIRE,12846.86
2023-05-21,Germany,11953.02
2023-05-21,Singapore,11317.16
2023-05-22,USA,8664.42
2023-05-22,EIRE,14230.95
2023-05-22,Germany,8867.42
2023-05-22,Singapore,13833.4
2023-05-23,USA,9727.78
2023-05-23,EIRE,10896.81
2023-05-23,Germany,13875.53
2023-05-23,Singapore,11206.71
2023-05-24,USA,11321.89
2023-05-24,EIRE,12065.9
2023-05-24,Germany,14693.78
2023-05-24,Singapore,11389.59
2023-05-25,USA,14683.23
2023-05-25,EIRE,10221.99
2023-05-25,Germany,14195.88
2023-05-25,Singapore,14343.28
2023-05-26,USA,14183.49
2023-05-26,EIRE,11250.68
2023-05-26,Germany,14257.82
2023-05-26,Singapore,14345.88
2023-05-27,USA,9314.59
2023-05-27,EIRE,10489.56
2023-05-27,Germany,11509.51
2023-05-27,Singapore,12612.77
2023-05-28,USA,10109.09
2023-05-28,EIRE,10819.65
2023-05-28,Germany,10586.87
2023-05-28,Singapore,9403.81
2023-05-29,USA,9533.79
2023-05-29,EIRE,12671.11
2023-05-29,Germany,13536.44
2023-05-29,Singapore,9793.8
2023-05-30,USA,12017.94
2023-05-30,EIRE,11527.63
2023-05-30,Germany,8658.72
2023-05-30,Singapore,14156.66
2023-05-31,USA,13995.83
2023-05-31,EIRE,8761.65
2023-05-31,Germany,8995.74
2023-05-31,Singapore,12415.99
2023-06-01,USA,13445.87
2023-06-01,EIRE,12986.24
2023-06-01,Germany,8909.31
2023-06-01,Singapore,8302.54
2023-06-02,USA,10544.29
2023-06-02,EIRE,14690.8
2023-06-02,Germany,8113.64
2023-06-02,Singapore,10710.12
2023-06-03,USA,9031.91
2023-06-03,EIRE,9976.51
2023-06-03,Germany,8512.23
2023-06-03,Singapore,11079.04
2023-06-04,USA,13350.44
2023-06-04,EIRE,9494.88
2023-06-04,Germany,13231.37
2023-06-04,Singapore,14613.74
2023-06-05,USA,11363.5
2023-06-05,EIRE,8581.9
2023-06-05,Germany,12401.41
2023-06-05,Singapore,9322.19
2023-06-06,USA,11315.99
2023-06-06,EIRE,11412.52
2023-06-06,Germany,12980.3
2023-06-06,Singapore,11150.0
2023-06-07,USA,12819.83
2023-06-07,EIRE,12829.53
2023-06-07,Germany,11957.94
2023-06-07,Singapore,13013.61
2023-06-08,USA,14179.58
2023-06-08,EIRE,13661.08
2023-06-08,Germany,9765.08
2023-06-08,Singapore,10758.09
2023-06-09,USA,12355.26
2023-06-09,EIRE,14642.7
2023-06-09,Germany,8717.31
2023-06-09,Singapore,14530.43
2023-06-10,USA,14134.44
2023-06-10,EIRE,13063.8
2023-06-10,Germany,11842.5
2023-06-10,Singapore,10793.01
2023-06-11,USA,11139.33
2023-06-11,EIRE,9549.0
2023-06-11,Germany,9792.9
2023-06-11,Singapore,9518.36
2023-06-12,USA,10315.22
2023-06-12,EIRE,11745.2
2023-06-12,Germany,14247.32
2023-06-12,Singapore,9712.14
2023-06-13,USA,10061.74
2023-06-13,EIRE,14977.54
2023-06-13,Germany,11066.51
2023-06-13,Singapore,12571.22
2023-06-14,USA,9367.45
2023-06-14,EIRE,9447.96
2023-06-14,Germany,9763.44
2023-06-14,Singapore,11949.0
2023-06-15,USA,14604.47
2023-06-15,EIRE,8798.84
2023-06-15,Germany,9879.64
2023-06-15,Singapore,9397.67
2023-06-16,USA,10858.24
2023-06-16,EIRE,9540.8
2023-06-16,Germany,11666.85
2023-06-16,Singapore,11041.41
2023-06-17,USA,12784.35
2023-06-17,EIRE,11603.1
2023-06-17,Germany,10373.13
2023-06-17,Singapore,14803.84
2023-06-18,USA,12744.54
2023-06-18,EIRE,12653.9
2023-06-18,Germany,12489.64
2023-06-18,Singapore,8693.02
2023-06-19,USA,12336.43
2023-06-19,EIRE,10576.53
2023-06-19,Germany,13091.07
2023-06-19,Singapore,11532.88
2023-06-20,USA,13499.03
2023-06-20,EIRE,13903.46
2023-06-20,Germany,10868.94
2023-06-20,Singapore,8037.18
2023-06-21,USA,11488.23
2023-06-21,EIRE,13195.55
2023-06-21,Germany,9495.96
2023-06-21,Singapore,11318.48
2023-06-22,USA,8879.94
2023-06-22,EIRE,10455.62
2023-06-22,Germany,14946.28
2023-06-22,Singapore,10717.1
2023-06-23,USA,8396.4
2023-06-23,EIRE,9561.38
2023-06-23,Germany,13573.85
2023-06-23,Singapore,14496.35
2023-06-24,USA,12447.04
2023-06-24,EIRE,9367.66
2023-06-24,Germany,14353.83
2023-06-24,Singapore,9053.88
2023-06-25,USA,9958.77
2023-06-25,EIRE,11964.47
2023-06-25,Germany,11313.51
2023-06-25,Singapore,8860.3
2023-06-26,USA,11946.39
2023-06-26,EIRE,8877.13
2023-06-26,Germany,9379.28
2023-06-26,Singapore,14885.1
2023-06-27,USA,14455.72
2023-06-27,EIRE,10492.38
2023-06-27,Germany,9515.29
2023-06-27,Singapore,12553.87
2023-06-28,USA,12478.91
2023-06-28,EIRE,9203.5
2023-06-28,Germany,12656.09
2023-06-28,Singapore,14537.02
2023-06-29,USA,14755.57
2023-06-29,EIRE,12429.23
2023-06-29,Germany,14503.62
2023-06-29,Singapore,8804.98
2023-06-30,USA,10746.57
2023-06-30,EIRE,9318.09
2023-06-30,Germany,12353.76
2023-06-30,Singapore,14760.57
2023-07-01,USA,8670.07
2023-07-01,EIRE,12632.1
2023-07-01,Germany,9603.05
2023-07-01,Singapore,10372.84
2023-07-02,USA,13775.8
2023-07-02,EIRE,8236.1
2023-07-02,Germany,11996.76
2023-07-02,Singapore,9929.32
2023-07-03,USA,9779.35
2023-07-03,EIRE,8296.91
2023-07-03,Germany,14393.62
2023-07-03,Singapore,14171.73
2023-07-04,USA,9436.99
2023-07-04,EIRE,11510.24
2023-07-04,Germany,11398.21
2023-07-04,Singapore,9617.75
2023-07-05,USA,9615.31
2023-07-05,EIRE,13973.97
2023-07-05,Germany,10604.93
2023-07-05,Singapore,8072.62
2023-07-06,USA,8755.05
2023-07-06,EIRE,10086.34
2023-07-06,Germany,12637.04
2023-07-06,Singapore,8856.46
2023-07-07,USA,9031.41
2023-07-07,EIRE,10724.74
2023-07-07,Germany,14915.36
2023-07-07,Singapore,9479.7
2023-07-08,USA,12528.4
2023-07-08,EIRE,8014.12
2023-07-08,Germany,12803.3
2023-07-08,Singapore,9122.23
2023-07-09,USA,11418.25
2023-07-09,EIRE,8080.35
2023-07-09,Germany,12974.07
2023-07-09,Singapore,11601.85
2023-07-10,USA,9812.17
2023-07-10,EIRE,9944.79
2023-07-10,Germany,13854.0
2023-07-10,Singapore,12880.6
2023-07-11,USA,10001.05
2023-07-11,EIRE,8489.27
2023-07-11,Germany,13700.33
2023-07-11,Singapore,8307.36
2023-07-12,USA,12963.22
2023-07-12,EIRE,11146.27
2023-07-12,Germany,10988.32
2023-07-12,Singapore,9004.89
2023-07-13,USA,14697.03
2023-07-13,EIRE,9307.08
2023-07-13,Germany,13399.77
2023-07-13,Singapore,8934.03
2023-07-14,USA,8323.01
2023-07-14,EIRE,9811.18
2023-07-14,Germany,13029.32
2023-07-14,Singapore,8399.01
2023-07-15,USA,13034.02
2023-07-15,EIRE,9828.06
2023-07-15,Germany,9906.07
2023-07-15,Singapore,10744.15
2023-07-16,USA,12415.22
2023-07-16,EIRE,11054.24
2023-07-16,Germany,10180.55
2023-07-16,Singapore,8424.01
2023-07-17,USA,10005.64
2023-07-17,EIRE,10209.5
2023-07-17,Germany,14635.02
2023-07-17,Singapore,13344.81
2023-07-18,USA,14183.31
2023-07-18,EIRE,12831.55
2023-07-18,Germany,8917.42
2023-07-18,Singapore,11526.12
2023-07-19,USA,14871.12
2023-07-19,EIRE,13251.38
2023-07-19,Germany,14977.65
2023-07-19,Singapore,8837.2
2023-07-20,USA,13711.53
2023-07-20,EIRE,12306.33
2023-07-20,Germany,12943.76
2023-07-20,Singapore,9260.22
2023-07-21,USA,13575.55
2023-07-21,EIRE,13241.45
2023-07-21,Germany,9625.27
2023-07-21,Singapore,9730.04
2023-07-22,USA,13515.72
2023-07-22,EIRE,9769.19
2023-07-22,Germany,12201.5
2023-07-22,Singapore,14096.79
2023-07-23,USA,13693.57
2023-07-23,EIRE,13946.34
2023-07-23,Germany,9501.2
2023-07-23,Singapore,8112.04
2023-07-24,USA,8908.7
2023-07-24,EIRE,8970.16
2023-07-24,Germany,12880.54
2023-07-24,Singapore,8494.83
2023-07-25,USA,14919.68
2023-07-25,EIRE,14592.78
2023-07-25,Germany,13469.14
2023-07-25,Singapore,14514.43
2023-07-26,USA,12232.8
2023-07-26,EIRE,11447.7
2023-07-26,Germany,13055.71
2023-07-26,Singapore,13865.82
2023-07-27,USA,11819.21
2023-07-27,EIRE,13524.45
2023-07-27,Germany,13286.94
2023-07-27,Singapore,10829.03
2023-07-28,USA,8091.98
2023-07-28,EIRE,9126.03
2023-07-28,Germany,9002.14
2023-07-28,Singapore,8226.01
2023-07-29,USA,10279.66
2023-07-29,EIRE,8867.02
2023-07-29,Germany,14270.17
2023-07-29,Singapore,11197.88
2023-07-30,USA,13950.22
2023-07-30,EIRE,9302.02
2023-07-30,Germany,9961.05
2023-07-30,Singapore,12029.98
2023-07-31,USA,9910.93
2023-07-31,EIRE,12190.21
2023-07-31,Germany,9415.81
2023-07-31,Singapore,10996.74
2023-08-01,USA,8485.7
2023-08-01,EIRE,12880.28
2023-08-01,Germany,14094.44
2023-08-01,Singapore,14578.88
2023-08-02,USA,14900.42
2023-08-02,EIRE,11908.66
2023-08-02,Germany,12643.01
2023-08-02,Singapore,14605.51
2023-08-03,USA,8840.3
2023-08-03,EIRE,11488.57
2023-08-03,Germany,9083.01
2023-08-03,Singapore,11991.54
2023-08-04,USA,14064.16
2023-08-04,EIRE,11921.93
2023-08-04,Germany,14854.7
2023-08-04,Singapore,14688.46
2023-08-05,USA,9792.98
2023-08-05,EIRE,11569.45
2023-08-05,Germany,13621.33
2023-08-05,Singapore,13525.37
2023-08-06,USA,13617.18
2023-08-06,EIRE,12106.61
2023-08-06,Germany,10979.49
2023-08-06,Singapore,12069.9
2023-08-07,USA,14966.91
2023-08-07,EIRE,11765.36
2023-08-07,Germany,8405.3
2023-08-07,Singapore,14969.41
2023-08-08,USA,14210.71
2023-08-08,EIRE,14376.42
2023-08-08,Germany,11860.31
2023-08-08,Singapore,14257.65
2023-08-09,USA,14256.16
2023-08-09,EIRE,8356.38
2023-08-09,Germany,11265.33
2023-08-09,Singapore,14581.93
2023-08-10,USA,8500.68
2023-08-10,EIRE,9544.06
2023-08-10,Germany,8422.22
2023-08-10,Singapore,14807.0
2023-08-11,USA,10650.9
2023-08-11,EIRE,10659.56
2023-08-11,Germany,12017.84
2023-08-11,Singapore,14660.62
2023-08-12,USA,8023.61
2023-08-12,EIRE,12119.79
2023-08-12,Germany,8208.1
2023-08-12,Singapore,10979.41
2023-08-13,USA,10052.9
2023-08-13,EIRE,13365.25
2023-08-13,Germany,10502.77
2023-08-13,Singapore,8202.55
2023-08-14,USA,12120.74
2023-08-14,EIRE,11390.11
2023-08-14,Germany,13749.58
2023-08-14,Singapore,10045.49
2023-08-15,USA,13080.05
2023-08-15,EIRE,11095.29
2023-08-15,Germany,9983.01
2023-08-15,Singapore,8586.32
2023-08-16,USA,9835.86
2023-08-16,EIRE,13235.46
2023-08-16,Germany,11354.2
2023-08-16,Singapore,13344.04
2023-08-17,USA,11586.38
2023-08-17,EIRE,10929.81
2023-08-17,Germany,12887.85
2023-08-17,Singapore,12242.23
2023-08-18,USA,9039.6
2023-08-18,EIRE,12176.7
2023-08-18,Germany,8169.37
2023-08-18,Singapore,12364.11
2023-08-19,USA,10282.25
2023-08-19,EIRE,8007.57
2023-08-19,Germany,13596.55
2023-08-19,Singapore,9005.33
2023-08-20,USA,11628.7
2023-08-20,EIRE,9823.26
2023-08-20,Germany,10684.89
2023-08-20,Singapore,11705.89
2023-08-21,USA,14857.65
2023-08-21,EIRE,8310.25
2023-08-21,Germany,14420.69
2023-08-21,Singapore,14709.5
2023-08-22,USA,8960.87
2023-08-22,EIRE,11965.58
2023-08-22,Germany,12808.81
2023-08-22,Singapore,12964.55
2023-08-23,USA,8146.91
2023-08-23,EIRE,13558.38
2023-08-23,Germany,12322.38
2023-08-23,Singapore,14883.63
2023-08-24,USA,12421.76
2023-08-24,EIRE,14330.37
2023-08-24,Germany,11675.81
2023-08-24,Singapore,13078.37
2023-08-25,USA,8216.09
2023-08-25,EIRE,9150.13
2023-08-25,Germany,9778.99
2023-08-25,Singapore,8556.85
2023-08-26,USA,11319.73
2023-08-26,EIRE,11104.37
2023-08-26,Germany,10677.21
2023-08-26,Singapore,13075.97
2023-08-27,USA,14898.47
2023-08-27,EIRE,10972.39
2023-08-27,Germany,10188.48
2023-08-27,Singapore,13675.26
2023-08-28,USA,14873.87
2023-08-28,EIRE,14531.86
2023-08-28,Germany,13732.69
2023-08-28,Singapore,8699.91
2023-08-29,USA,12198.44
2023-08-29,EIRE,11611.12
2023-08-29,Germany,12907.55
2023-08-29,Singapore,11319.91
2023-08-30,USA,9026.89
2023-08-30,EIRE,9370.64
2023-08-30,Germany,14754.89
2023-08-30,Singapore,8171.04
2023-08-31,USA,10958.47
2023-08-31,EIRE,10431.22
2023-08-31,Germany,9837.21
2023-08-31,Singapore,8391.21
2023-09-01,USA,12733.33
2023-09-01,EIRE,9576.12
2023-09-01,Germany,8541.43
2023-09-01,Singapore,9560.94
2023-09-02,USA,10326.67
2023-09-02,EIRE,11308.5
2023-09-02,Germany,8664.03
2023-09-02,Singapore,12550.01
2023-09-03,USA,10659.45
2023-09-03,EIRE,9456.28
2023-09-03,Germany,12967.29
2023-09-03,Singapore,10553.63
2023-09-04,USA,11027.39
2023-09-04,EIRE,12063.53
2023-09-04,Germany,8982.53
2023-09-04,Singapore,9727.63
2023-09-05,USA,9890.59
2023-09-05,EIRE,8441.8
2023-09-05,Germany,8447.78
2023-09-05,Singapore,9631.41
2023-09-06,USA,14151.77
2023-09-06,EIRE,10990.81
2023-09-06,Germany,12721.97
2023-09-06,Singapore,11278.75
2023-09-07,USA,9493.84
2023-09-07,EIRE,8133.05
2023-09-07,Germany,13288.34
2023-09-07,Singapore,11731.85
2023-09-08,USA,11250.22
2023-09-08,EIRE,10634.08
2023-09-08,Germany,11076.36
2023-09-08,Singapore,13494.85
2023-09-09,USA,9347.27
2023-09-09,EIRE,9918.16
2023-09-09,Germany,13158.35
2023-09-09,Singapore,11117.28
2023-09-10,USA,8801.84
2023-09-10,EIRE,10144.47
2023-09-10,Germany,14655.63
2023-09-10,Singapore,9681.42
2023-09-11,USA,14471.72
2023-09-11,EIRE,8792.63
2023-09-11,Germany,13521.07
2023-09-11,Singapore,10422.92
2023-09-12,USA,10317.73
2023-09-12,EIRE,11674.61
2023-09-12,Germany,10552.46
2023-09-12,Singapore,13348.86
2023-09-13,USA,10250.73
2023-09-13,EIRE,10153.65
2023-09-13,Germany,8530.33
2023-09-13,Singapore,8024.76
2023-09-14,USA,9051.41
2023-09-14,EIRE,9892.52
2023-09-14,Germany,13166.77
2023-09-14,Singapore,12902.84
2023-09-15,USA,13764.06
2023-09-15,EIRE,11564.11
2023-09-15,Germany,11511.17
2023-09-15,Singapore,13592.29
2023-09-16,USA,13538.12
2023-09-16,EIRE,8893.94
2023-09-16,Germany,13927.88
2023-09-16,Singapore,13314.44
2023-09-17,USA,8539.49
2023-09-17,EIRE,11645.55
2023-09-17,Germany,10386.38
2023-09-17,Singapore,11407.15
2023-09-18,USA,8424.33
2023-09-18,EIRE,12695.15
2023-09-18,Germany,12905.8
2023-09-18,Singapore,9844.76
2023-09-19,USA,14952.92
2023-09-19,EIRE,9046.41
2023-09-19,Germany,10645.49
2023-09-19,Singapore,9137.62
2023-09-20,USA,10638.23
2023-09-20,EIRE,12349.22
2023-09-20,Germany,8826.73
2023-09-20,Singapore,14859.32
2023-09-21,USA,8455.9
2023-09-21,EIRE,14376.99
2023-09-21,Germany,14953.93
2023-09-21,Singapore,9759.01
2023-09-22,USA,11415.22
2023-09-22,EIRE,11272.85
2023-09-22,Germany,8592.73
2023-09-22,Singapore,14163.97
2023-09-23,USA,12411.22
2023-09-23,EIRE,13612.55
2023-09-23,Germany,12236.28
2023-09-23,Singapore,14592.63
2023-09-24,USA,9477.26
2023-09-24,EIRE,14229.97
2023-09-24,Germany,9580.54
2023-09-24,Singapore,8513.37
2023-09-25,USA,14348.34
2023-09-25,EIRE,13203.51
2023-09-25,Germany,14800.18
2023-09-25,Singapore,10653.17
2023-09-26,USA,10398.68
2023-09-26,EIRE,8493.47
2023-09-26,Germany,11660.4
2023-09-26,Singapore,14113.1
2023-09-27,USA,11089.66
2023-09-27,EIRE,8207.24
2023-09-27,Germany,14619.45
2023-09-27,Singapore,10875.93
2023-09-28,USA,14926.2
2023-09-28,EIRE,12334.72
2023-09-28,Germany,13881.02
2023-09-28,Singapore,10250.97
2023-09-29,USA,8547.48
2023-09-29,EIRE,10885.13
2023-09-29,Germany,14278.63
2023-09-29,Singapore,14681.64
2023-09-30,USA,8673.55
2023-09-30,EIRE,12095.93
2023-09-30,Germany,10087.66
2023-09-30,Singapore,11888.57
2023-10-01,USA,8067.62
2023-10-01,EIRE,13411.16
2023-10-01,Germany,11479.73
2023-10-01,Singapore,10799.41
2023-10-02,USA,8782.44
2023-10-02,EIRE,13751.97
2023-10-02,Germany,11278.9
2023-10-02,Singapore,8482.15
2023-10-03,USA,14111.99
2023-10-03,EIRE,14579.96
2023-10-03,Germany,12057.02
2023-10-03,Singapore,9832.71
2023-10-04,USA,14460.44
2023-10-04,EIRE,10631.79
2023-10-04,Germany,13175.36
2023-10-04,Singapore,11128.68
2023-10-05,USA,8248.18
2023-10-05,EIRE,12860.09
2023-10-05,Germany,11419.25
2023-10-05,Singapore,14456.37
2023-10-06,USA,8712.84
2023-10-06,EIRE,11266.13
2023-10-06,Germany,12138.61
2023-10-06,Singapore,9661.54
2023-10-07,USA,8895.28
2023-10-07,EIRE,10777.18
2023-10-07,Germany,12390.66
2023-10-07,Singapore,9229.7
2023-10-08,USA,8126.45
2023-10-08,EIRE,11123.31
2023-10-08,Germany,9381.35
2023-10-08,Singapore,9909.79
2023-10-09,USA,12461.89
2023-10-09,EIRE,14333.36
2023-10-09,Germany,11260.96
2023-10-09,Singapore,8893.94
2023-10-10,USA,13752.66
2023-10-10,EIRE,14989.38
2023-10-10,Germany,10171.17
2023-10-10,Singapore,12262.43
2023-10-11,USA,11294.59
2023-10-11,EIRE,14945.71
2023-10-11,Germany,13296.54
2023-10-11,Singapore,10921.41
2023-10-12,USA,14425.24
2023-10-12,EIRE,12193.22
2023-10-12,Germany,11300.26
2023-10-12,Singapore,14021.09
2023-10-13,USA,13597.72
2023-10-13,EIRE,8657.32
2023-10-13,Germany,14016.59
2023-10-13,Singapore,12032.92
2023-10-14,USA,14107.01
2023-10-14,EIRE,12737.63
2023-10-14,Germany,10942.09
2023-10-14,Singapore,9917.77
2023-10-15,USA,9913.18
2023-10-15,EIRE,13390.39
2023-10-15,Germany,13211.97
2023-10-15,Singapore,11968.13
2023-10-16,USA,8732.35
2023-10-16,EIRE,10752.39
2023-10-16,Germany,12144.04
2023-10-16,Singapore,14644.33
2023-10-17,USA,9915.48
2023-10-17,EIRE,9736.54
2023-10-17,Germany,13955.17
2023-10-17,Singapore,8795.0
2023-10-18,USA,9865.71
2023-10-18,EIRE,9983.08
2023-10-18,Germany,13055.1
2023-10-18,Singapore,14472.82
2023-10-19,USA,13039.36
2023-10-19,EIRE,13936.43
2023-10-19,Germany,13194.78
2023-10-19,Singapore,10909.93
2023-10-20,USA,13596.14
2023-10-20,EIRE,9873.28
2023-10-20,Germany,9318.16
2023-10-20,Singapore,11723.29
2023-10-21,USA,11752.07
2023-10-21,EIRE,10089.39
2023-10-21,Germany,13541.41
2023-10-21,Singapore,14149.09
2023-10-22,USA,12744.14
2023-10-22,EIRE,13824.61
2023-10-22,Germany,14939.93
2023-10-22,Singapore,11380.57
2023-10-23,USA,14905.45
2023-10-23,EIRE,14785.08
2023-10-23,Germany,13983.82
2023-10-23,Singapore,14334.13
2023-10-24,USA,9782.11
2023-10-24,EIRE,14210.59
2023-10-24,Germany,8414.5
2023-10-24,Singapore,13707.27
2023-10-25,USA,13915.64
2023-10-25,EIRE,8463.44
2023-10-25,Germany,14046.76
2023-10-25,Singapore,11088.85
2023-10-26,USA,9549.35
2023-10-26,EIRE,13648.46
2023-10-26,Germany,13121.39
2023-10-26,Singapore,13914.61
2023-10-27,USA,14912.12
2023-10-27,EIRE,11522.12
2023-10-27,Germany,8974.97
2023-10-27,Singapore,11221.77
2023-10-28,USA,11078.72
2023-10-28,EIRE,13575.62
2023-10-28,Germany,9621.78
2023-10-28,Singapore,11617.09
2023-10-29,USA,9552.75
2023-10-29,EIRE,11989.22
2023-10-29,Germany,12229.5
2023-10-29,Singapore,11151.2
2023-10-30,USA,12964.13
2023-10-30,EIRE,13442.1
2023-10-30,Germany,8466.34
2023-10-30,Singapore,9367.56
2023-10-31,USA,8344.74
2023-10-31,EIRE,13118.98
2023-10-31,Germany,12078.18
2023-10-31,Singapore,9519.7
2023-11-01,USA,14518.55
2023-11-01,EIRE,14162.94
2023-11-01,Germany,10234.52
2023-11-01,Singapore,11723.54
2023-11-02,USA,13458.0
2023-11-02,EIRE,10286.81
2023-11-02,Germany,11953.14
2023-11-02,Singapore,9002.37
2023-11-03,USA,9193.56
2023-11-03,EIRE,13806.91
2023-11-03,Germany,14904.74
2023-11-03,Singapore,11146.89
2023-11-04,USA,14340.79
2023-11-04,EIRE,11825.47
2023-11-04,Germany,9498.57
2023-11-04,Singapore,11992.9
2023-11-05,USA,12601.65
2023-11-05,EIRE,14667.05
2023-11-05,Germany,13398.87
2023-11-05,Singapore,9420.44
2023-11-06,USA,11126.55
2023-11-06,EIRE,12137.34
2023-11-06,Germany,14599.72
2023-11-06,Singapore,11836.36
2023-11-07,USA,14819.88
2023-11-07,EIRE,13760.05
2023-11-07,Germany,9427.78
2023-11-07,Singapore,13080.21
2023-11-08,USA,9322.94
2023-11-08,EIRE,11963.79
2023-11-08,Germany,12183.0
2023-11-08,Singapore,13107.28
2023-11-09,USA,11748.08
2023-11-09,EIRE,12289.93
2023-11-09,Germany,10544.18
2023-11-09,Singapore,10975.81
2023-11-10,USA,10941.91
2023-11-10,EIRE,8452.3
2023-11-10,Germany,10078.53
2023-11-10,Singapore,8247.55
2023-11-11,USA,13917.75
2023-11-11,EIRE,9616.48
2023-11-11,Germany,13652.45
2023-11-11,Singapore,8911.54
2023-11-12,USA,8889.68
2023-11-12,EIRE,10035.19
2023-11-12,Germany,11807.48
2023-11-12,Singapore,9432.36
2023-11-13,USA,11596.46
2023-11-13,EIRE,13316.35
2023-11-13,Germany,12656.22
2023-11-13,Singapore,12068.22
2023-11-14,USA,8047.02
2023-11-14,EIRE,14856.25
2023-11-14,Germany,10442.71
2023-11-14,Singapore,13070.44
2023-11-15,USA,14370.78
2023-11-15,EIRE,13058.56
2023-11-15,Germany,14399.98
2023-11-15,Singapore,12835.74
2023-11-16,USA,13306.35
2023-11-16,EIRE,12815.36
2023-11-16,Germany,9190.72
2023-11-16,Singapore,10851.55
2023-11-17,USA,12838.82
2023-11-17,EIRE,9219.73
2023-11-17,Germany,13965.75
2023-11-17,Singapore,9911.7
2023-11-18,USA,13640.94
2023-11-18,EIRE,10790.15
2023-11-18,Germany,11425.84
2023-11-18,Singapore,8675.5
2023-11-19,USA,8317.57
2023-11-19,EIRE,10413.74
2023-11-19,Germany,11762.3
2023-11-19,Singapore,10784.32
2023-11-20,USA,14209.23
2023-11-20,EIRE,8866.06
2023-11-20,Germany,9458.79
2023-11-20,Singapore,9297.4
2023-11-21,USA,9011.89
2023-11-21,EIRE,11357.15
2023-11-21,Germany,14400.74
2023-11-21,Singapore,9967.24
2023-11-22,USA,12969.79
2023-11-22,EIRE,9815.62
2023-11-22,Germany,13970.28
2023-11-22,Singapore,14871.32
2023-11-23,USA,12568.33
2023-11-23,EIRE,13705.66
2023-11-23,Germany,13607.12
2023-11-23,Singapore,11402.97
2023-11-24,USA,8608.8
2023-11-24,EIRE,11696.13
2023-11-24,Germany,10969.46
2023-11-24,Singapore,11129.78
2023-11-25,USA,12562.14
2023-11-25,EIRE,13299.06
2023-11-25,Germany,8921.01
2023-11-25,Singapore,12632.0
2023-11-26,USA,8688.53
2023-11-26,EIRE,13060.44
2023-11-26,Germany,11906.84
2023-11-26,Singapore,14943.99
2023-11-27,USA,12402.3
2023-11-27,EIRE,13057.09
2023-11-27,Germany,10414.41
2023-11-27,Singapore,11616.9
2023-11-28,USA,12228.98
2023-11-28,EIRE,9755.56
2023-11-28,Germany,9742.32
2023-11-28,Singapore,8518.82
2023-11-29,USA,8827.97
2023-11-29,EIRE,9226.55
2023-11-29,Germany,9752.62
2023-11-29,Singapore,9254.26
2023-11-30,USA,11560.4
2023-11-30,EIRE,9942.58
2023-11-30,Germany,13792.9
2023-11-30,Singapore,14161.87
2023-12-01,USA,14554.46
2023-12-01,EIRE,11070.5
2023-12-01,Germany,11134.09
2023-12-01,Singapore,12601.98
2023-12-02,USA,10379.42
2023-12-02,EIRE,11182.66
2023-12-02,Germany,9232.13
2023-12-02,Singapore,13557.16
2023-12-03,USA,10187.95
2023-12-03,EIRE,12677.44
2023-12-03,Germany,10030.95
2023-12-03,Singapore,12951.59
2023-12-04,USA,13111.65
2023-12-04,EIRE,14336.51
2023-12-04,Germany,14067.49
2023-12-04,Singapore,13828.34
2023-12-05,USA,10451.3
2023-12-05,EIRE,9818.96
2023-12-05,Germany,14364.98
2023-12-05,Singapore,13567.63
2023-12-06,USA,8544.75
2023-12-06,EIRE,12012.78
2023-12-06,Germany,14156.13
2023-12-06,Singapore,14843.53
2023-12-07,USA,12117.52
2023-12-07,EIRE,11058.6
2023-12-07,Germany,10083.17
2023-12-07,Singapore,13138.28
2023-12-08,USA,12814.05
2023-12-08,EIRE,9629.03
2023-12-08,Germany,11108.24
2023-12-08,Singapore,8065.01
2023-12-09,USA,14122.91
2023-12-09,EIRE,10717.49
2023-12-09,Germany,8380.38
2023-12-09,Singapore,12873.96
2023-12-10,USA,12790.82
2023-12-10,EIRE,13134.93
2023-12-10,Germany,14223.92
2023-12-10,Singapore,10239.51
2023-12-11,USA,14813.85
2023-12-11,EIRE,13279.62
2023-12-11,Germany,13319.56
2023-12-11,Singapore,8238.95
2023-12-12,USA,8927.43
2023-12-12,EIRE,10889.54
2023-12-12,Germany,9213.98
2023-12-12,Singapore,13249.88
2023-12-13,USA,12050.07
2023-12-13,EIRE,14521.81
2023-12-13,Germany,14054.0
2023-12-13,Singapore,11598.23
2023-12-14,USA,8204.53
2023-12-14,EIRE,9015.93
2023-12-14,Germany,14324.81
2023-12-14,Singapore,11735.06
2023-12-15,USA,13952.05
2023-12-15,EIRE,10526.66
2023-12-15,Germany,9901.76
2023-12-15,Singapore,10460.55
2023-12-16,USA,14918.18
2023-12-16,EIRE,11710.54
2023-12-16,Germany,9557.84
2023-12-16,Singapore,10596.52
2023-12-17,USA,9362.37
2023-12-17,EIRE,10932.04
2023-12-17,Germany,13292.54
2023-12-17,Singapore,14195.56
2023-12-18,USA,8368.9
2023-12-18,EIRE,10641.38
2023-12-18,Germany,13960.87
2023-12-18,Singapore,10457.1
2023-12-19,USA,10697.93
2023-12-19,EIRE,8947.33
2023-12-19,Germany,8595.79
2023-12-19,Singapore,8221.63
2023-12-20,USA,14400.7
2023-12-20,EIRE,9802.72
2023-12-20,Germany,13223.27
2023-12-20,Singapore,14613.42
2023-12-21,USA,8028.25
2023-12-21,EIRE,8392.09
2023-12-21,Germany,12569.63
2023-12-21,Singapore,12471.0
2023-12-22,USA,8568.36
2023-12-22,EIRE,13485.69
2023-12-22,Germany,11976.92
2023-12-22,Singapore,13101.25
2023-12-23,USA,12375.64
2023-12-23,EIRE,12735.41
2023-12-23,Germany,13539.29
2023-12-23,Singapore,14582.42
2023-12-24,USA,8791.29
2023-12-24,EIRE,8906.95
2023-12-24,Germany,11577.32
2023-12-24,Singapore,10655.14
2023-12-25,USA,12457.76
2023-12-25,EIRE,12331.78
2023-12-25,Germany,12324.95
2023-12-25,Singapore,14069.53
2023-12-26,USA,10670.54
2023-12-26,EIRE,14335.26
2023-12-26,Germany,14153.57
2023-12-26,Singapore,8101.73
2023-12-27,USA,9743.23
2023-12-27,EIRE,9979.34
2023-12-27,Germany,11428.58
2023-12-27,Singapore,12563.41
2023-12-28,USA,8498.81
2023-12-28,EIRE,11421.9
2023-12-28,Germany,8220.77
2023-12-28,Singapore,10595.2
2023-12-29,USA,12941.34
2023-12-29,EIRE,10962.02
2023-12-29,Germany,10240.44
2023-12-29,Singapore,14801.99
2023-12-30,USA,9823.73
2023-12-30,EIRE,14277.22
2023-12-30,Germany,9106.18
2023-12-30,Singapore,10834.54
2023-12-31,USA,8615.61
2023-12-31,EIRE,13246.6
2023-12-31,Germany,12450.49
2023-12-31,Singapore,13690.81
2024-01-01,USA,8457.2
2024-01-01,EIRE,12272.2
2024-01-01,Germany,10731.93
2024-01-01,Singapore,10872.62
2024-01-02,USA,9662.64
2024-01-02,EIRE,10279.78
2024-01-02,Germany,10231.55
2024-01-02,Singapore,8714.73
2024-01-03,USA,11031.57
2024-01-03,EIRE,13620.91
2024-01-03,Germany,12153.74
2024-01-03,Singapore,13513.18
2024-01-04,USA,12922.87
2024-01-04,EIRE,9546.76
2024-01-04,Germany,11892.96
2024-01-04,Singapore,9941.38
2024-01-05,USA,14829.49
2024-01-05,EIRE,13994.26
2024-01-05,Germany,14095.94
2024-01-05,Singapore,13943.25
2024-01-06,USA,9225.32
2024-01-06,EIRE,8248.85
2024-01-06,Germany,11907.55
2024-01-06,Singapore,9531.04
2024-01-07,USA,11929.26
2024-01-07,EIRE,9003.8
2024-01-07,Germany,10002.19
2024-01-07,Singapore,13722.71
2024-01-08,USA,9903.29
2024-01-08,EIRE,8523.63
2024-01-08,Germany,9998.2
2024-01-08,Singapore,8540.13
2024-01-09,USA,9836.79
2024-01-09,EIRE,14400.41
2024-01-09,Germany,12726.53
2024-01-09,Singapore,14441.61
2024-01-10,USA,9873.59
2024-01-10,EIRE,14215.56
2024-01-10,Germany,12050.38
2024-01-10,Singapore,14171.68
2024-01-11,USA,12666.93
2024-01-11,EIRE,12541.96
2024-01-11,Germany,13398.49
2024-01-11,Singapore,10608.16
2024-01-12,USA,10630.85
2024-01-12,EIRE,11382.13
2024-01-12,Germany,13960.78
2024-01-12,Singapore,11469.62
2024-01-13,USA,9507.31
2024-01-13,EIRE,14650.7
2024-01-13,Germany,12398.23
2024-01-13,Singapore,10816.67
2024-01-14,USA,11684.43
2024-01-14,EIRE,9279.57
2024-01-14,Germany,9303.83
2024-01-14,Singapore,8436.69
2024-01-15,USA,8196.67
2024-01-15,EIRE,14968.56
2024-01-15,Germany,13241.96
2024-01-15,Singapore,13192.69
2024-01-16,USA,8960.0
2024-01-16,EIRE,11571.73
2024-01-16,Germany,10390.17
2024-01-16,Singapore,14272.68
2024-01-17,USA,11286.81
2024-01-17,EIRE,10050.51
2024-01-17,Germany,8407.22
2024-01-17,Singapore,9176.38
2024-01-18,USA,8890.84
2024-01-18,EIRE,13022.54
2024-01-18,Germany,9990.64
2024-01-18,Singapore,8993.5
2024-01-19,USA,8831.16
2024-01-19,EIRE,11262.43
2024-01-19,Germany,9022.46
2024-01-19,Singapore,8950.99
2024-01-20,USA,13426.65
2024-01-20,EIRE,11136.44
2024-01-20,Germany,11819.31
2024-01-20,Singapore,8001.23
2024-01-21,USA,11989.74
2024-01-21,EIRE,12633.33
2024-01-21,Germany,8200.08
2024-01-21,Singapore,8753.44
2024-01-22,USA,11105.12
2024-01-22,EIRE,8655.0
2024-01-22,Germany,12680.12
2024-01-22,Singapore,9105.51
2024-01-23,USA,9654.05
2024-01-23,EIRE,12468.38
2024-01-23,Germany,12396.96
2024-01-23,Singapore,13853.11
2024-01-24,USA,13110.46
2024-01-24,EIRE,8814.76
2024-01-24,Germany,13081.61
2024-01-24,Singapore,9826.81
2024-01-25,USA,11877.75
2024-01-25,EIRE,8672.83
2024-01-25,Germany,13671.15
2024-01-25,Singapore,11306.38
2024-01-26,USA,8809.76
2024-01-26,EIRE,14036.67
2024-01-26,Germany,10223.37
2024-01-26,Singapore,12815.71
2024-01-27,USA,11607.72
2024-01-27,EIRE,10570.42
2024-01-27,Germany,10029.07
2024-01-27,Singapore,12047.72
2024-01-28,USA,11439.98
2024-01-28,EIRE,12531.07
2024-01-28,Germany,11504.26
2024-01-28,Singapore,13137.88
2024-01-29,USA,14724.03
2024-01-29,EIRE,10796.32
2024-01-29,Germany,9143.48
2024-01-29,Singapore,14990.71
2024-01-30,USA,11491.89
2024-01-30,EIRE,12965.04
2024-01-30,Germany,11237.23
2024-01-30,Singapore,11807.02
2024-01-31,USA,9746.87
2024-01-31,EIRE,13473.4
2024-01-31,Germany,9721.02
2024-01-31,Singapore,13309.15
2024-02-01,USA,9456.76
2024-02-01,EIRE,10203.76
2024-02-01,Germany,8472.91
2024-02-01,Singapore,10022.25
2024-02-02,USA,13417.43
2024-02-02,EIRE,14293.8
2024-02-02,Germany,12618.3
2024-02-02,Singapore,9078.56
2024-02-03,USA,13250.58
2024-02-03,EIRE,8551.59
2024-02-03,Germany,14906.56
2024-02-03,Singapore,10945.67
2024-02-04,USA,12245.95
2024-02-04,EIRE,9166.16
2024-02-04,Germany,8114.09
2024-02-04,Singapore,9456.58
2024-02-05,USA,11066.97
2024-02-05,EIRE,9529.89
2024-02-05,Germany,10242.18
2024-02-05,Singapore,13415.89
2024-02-06,USA,13264.69
2024-02-06,EIRE,14130.9
2024-02-06,Germany,9536.93
2024-02-06,Singapore,12148.11
2024-02-07,USA,9152.48
2024-02-07,EIRE,14818.46
2024-02-07,Germany,13884.25
2024-02-07,Singapore,14553.58
2024-02-08,USA,8253.3
2024-02-08,EIRE,12307.55
2024-02-08,Germany,13912.77
2024-02-08,Singapore,13883.56
2024-02-09,USA,9319.13
2024-02-09,EIRE,8797.94
2024-02-09,Germany,10021.7
2024-02-09,Singapore,11789.51
2024-02-10,USA,13335.19
2024-02-10,EIRE,13018.71
2024-02-10,Germany,10426.74
2024-02-10,Singapore,14754.27
2024-02-11,USA,14360.21
2024-02-11,EIRE,12795.99
2024-02-11,Germany,11606.22
2024-02-11,Singapore,11665.37
2024-02-12,USA,10796.89
2024-02-12,EIRE,12521.69
2024-02-12,Germany,12153.41
2024-02-12,Singapore,11982.88
2024-02-13,USA,11197.76
2024-02-13,EIRE,14536.86
2024-02-13,Germany,11697.05
2024-02-13,Singapore,12104.06
2024-02-14,USA,14591.01
2024-02-14,EIRE,9890.25
2024-02-14,Germany,14110.38
2024-02-14,Singapore,13505.19
2024-02-15,USA,14417.3
2024-02-15,EIRE,10231.48
2024-02-15,Germany,14456.78
2024-02-15,Singapore,12563.94
2024-02-16,USA,8292.75
2024-02-16,EIRE,8400.94
2024-02-16,Germany,8418.82
2024-02-16,Singapore,8997.92
2024-02-17,USA,10446.54
2024-02-17,EIRE,12420.04
2024-02-17,Germany,9333.71
2024-02-17,Singapore,11349.08
2024-02-18,USA,11570.95
2024-02-18,EIRE,14685.82
2024-02-18,Germany,9444.69
2024-02-18,Singapore,13343.69
2024-02-19,USA,11072.11
2024-02-19,EIRE,9071.96
2024-02-19,Germany,14935.87
2024-02-19,Singapore,14751.58
2024-02-20,USA,11456.36
2024-02-20,EIRE,12914.06
2024-02-20,Germany,9586.01
2024-02-20,Singapore,14563.7
2024-02-21,USA,13439.25
2024-02-21,EIRE,12393.86
2024-02-21,Germany,10665.96
2024-02-21,Singapore,13325.96
2024-02-22,USA,12099.55
2024-02-22,EIRE,12064.08
2024-02-22,Germany,13248.01
2024-02-22,Singapore,9843.48
2024-02-23,USA,9125.79
2024-02-23,EIRE,12888.63
2024-02-23,Germany,9918.11
2024-02-23,Singapore,8784.25
2024-02-24,USA,8102.08
2024-02-24,EIRE,13172.29
2024-02-24,Germany,12418.62
2024-02-24,Singapore,12829.96
2024-02-25,USA,13256.92
2024-02-25,EIRE,14296.24
2024-02-25,Germany,9559.75
2024-02-25,Singapore,9444.82
2024-02-26,USA,13443.22
2024-02-26,EIRE,9870.05
2024-02-26,Germany,12816.06
2024-02-26,Singapore,11247.75
2024-02-27,USA,11031.91
2024-02-27,EIRE,14022.55
2024-02-27,Germany,14919.41
2024-02-27,Singapore,10047.3
2024-02-28,USA,8448.27
2024-02-28,EIRE,10748.73
2024-02-28,Germany,14628.56
2024-02-28,Singapore,14242.23
2024-02-29,USA,8653.96
2024-02-29,EIRE,9570.95
2024-02-29,Germany,13607.43
2024-02-29,Singapore,10241.56
2024-03-01,USA,11894.92
2024-03-01,EIRE,12104.7
2024-03-01,Germany,10457.46
2024-03-01,Singapore,9949.24
2024-03-02,USA,8595.07
2024-03-02,EIRE,8656.88
2024-03-02,Germany,9635.93
2024-03-02,Singapore,9414.39
2024-03-03,USA,11967.93
2024-03-03,EIRE,12636.79
2024-03-03,Germany,8327.04
2024-03-03,Singapore,14813.82
2024-03-04,USA,10676.15
2024-03-04,EIRE,8696.47
2024-03-04,Germany,11592.95
2024-03-04,Singapore,14019.97
2024-03-05,USA,11629.96
2024-03-05,EIRE,8036.69
2024-03-05,Germany,9882.79
2024-03-05,Singapore,10071.06
2024-03-06,USA,14341.09
2024-03-06,EIRE,8918.16
2024-03-06,Germany,9505.28
2024-03-06,Singapore,14988.99
2024-03-07,USA,14118.77
2024-03-07,EIRE,13442.79
2024-03-07,Germany,13800.06
2024-03-07,Singapore,11278.38
2024-03-08,USA,10359.73
2024-03-08,EIRE,9482.26
2024-03-08,Germany,8596.1
2024-03-08,Singapore,11974.64
2024-03-09,USA,11701.01
2024-03-09,EIRE,9334.85
2024-03-09,Germany,9934.77
2024-03-09,Singapore,14552.77
2024-03-10,USA,13388.34
2024-03-10,EIRE,10771.1
2024-03-10,Germany,12148.35
2024-03-10,Singapore,8153.98
2024-03-11,USA,11272.17
2024-03-11,EIRE,12881.4
2024-03-11,Germany,14178.08
2024-03-11,Singapore,10659.01
2024-03-12,USA,12340.87
2024-03-12,EIRE,10662.57
2024-03-12,Germany,14295.07
2024-03-12,Singapore,14170.39
2024-03-13,USA,14828.27
2024-03-13,EIRE,12995.82
2024-03-13,Germany,11498.15
2024-03-13,Singapore,10860.45
2024-03-14,USA,13463.72
2024-03-14,EIRE,12297.46
2024-03-14,Germany,11057.19
2024-03-14,Singapore,10107.55
2024-03-15,USA,9139.28
2024-03-15,EIRE,9207.11
2024-03-15,Germany,9859.44
2024-03-15,Singapore,10510.9
2024-03-16,USA,11453.89
2024-03-16,EIRE,13331.2
2024-03-16,Germany,8469.13
2024-03-16,Singapore,8838.52
2024-03-17,USA,14003.23
2024-03-17,EIRE,14770.56
2024-03-17,Germany,8228.36
2024-03-17,Singapore,12136.64
2024-03-18,USA,14939.63
2024-03-18,EIRE,9914.95
2024-03-18,Germany,12894.05
2024-03-18,Singapore,10026.61
2024-03-19,USA,12191.66
2024-03-19,EIRE,12165.93
2024-03-19,Germany,10240.72
2024-03-19,Singapore,11936.83
2024-03-20,USA,11343.99
2024-03-20,EIRE,13147.35
2024-03-20,Germany,12355.61
2024-03-20,Singapore,12530.58
2024-03-21,USA,13391.6
2024-03-21,EIRE,14998.59
2024-03-21,Germany,9432.89
2024-03-21,Singapore,10443.76
2024-03-22,USA,11209.72
2024-03-22,EIRE,10606.58
2024-03-22,Germany,8343.89
2024-03-22,Singapore,12380.33
2024-03-23,USA,10228.04
2024-03-23,EIRE,11018.79
2024-03-23,Germany,10035.7
2024-03-23,Singapore,11794.1
2024-03-24,USA,12643.01
2024-03-24,EIRE,13310.08
2024-03-24,Germany,8781.47
2024-03-24,Singapore,12391.35
2024-03-25,USA,14884.74
2024-03-25,EIRE,11640.26
2024-03-25,Germany,12535.83
2024-03-25,Singapore,9296.28
2024-03-26,USA,12657.53
2024-03-26,EIRE,8952.9
2024-03-26,Germany,9338.02
2024-03-26,Singapore,13164.63
2024-03-27,USA,10565.32
2024-03-27,EIRE,13208.29
2024-03-27,Germany,12993.2
2024-03-27,Singapore,10461.54
2024-03-28,USA,11795.79
2024-03-28,EIRE,9256.68
2024-03-28,Germany,13903.24
2024-03-28,Singapore,13197.84
2024-03-29,USA,10919.97
2024-03-29,EIRE,12847.08
2024-03-29,Germany,11502.02
2024-03-29,Singapore,14062.47
2024-03-30,USA,9395.22
2024-03-30,EIRE,8578.74
2024-03-30,Germany,11446.58
2024-03-30,Singapore,13803.14
2024-03-31,USA,14076.56
2024-03-31,EIRE,8145.52
2024-03-31,Germany,12138.81
2024-03-31,Singapore,14090.7
2024-04-01,USA,13355.65
2024-04-01,EIRE,9348.57
2024-04-01,Germany,13129.39
2024-04-01,Singapore,12566.11
2024-04-02,USA,14013.46
2024-04-02,EIRE,9865.13
2024-04-02,Germany,11400.39
2024-04-02,Singapore,9010.84
2024-04-03,USA,12680.74
2024-04-03,EIRE,11936.92
2024-04-03,Germany,10684.81
2024-04-03,Singapore,10034.24
2024-04-04,USA,12347.96
2024-04-04,EIRE,12803.37
2024-04-04,Germany,11159.47
2024-04-04,Singapore,8178.48
2024-04-05,USA,12189.8
2024-04-05,EIRE,9330.81
2024-04-05,Germany,13442.95
2024-04-05,Singapore,13815.91
2024-04-06,USA,9141.89
2024-04-06,EIRE,8721.58
2024-04-06,Germany,10424.5
2024-04-06,Singapore,13692.1
2024-04-07,USA,13302.25
2024-04-07,EIRE,11404.52
2024-04-07,Germany,12831.68
2024-04-07,Singapore,10190.46
2024-04-08,USA,8207.62
2024-04-08,EIRE,12253.53
2024-04-08,Germany,10036.56
2024-04-08,Singapore,13186.61
2024-04-09,USA,9554.68
2024-04-09,EIRE,11199.34
2024-04-09,Germany,9089.22
2024-04-09,Singapore,11338.58
2024-04-10,USA,14144.73
2024-04-10,EIRE,8999.48
2024-04-10,Germany,11608.01
2024-04-10,Singapore,12775.57
2024-04-11,USA,12904.91
2024-04-11,EIRE,13758.76
2024-04-11,Germany,14308.3
2024-04-11,Singapore,11849.48
2024-04-12,USA,14630.78
2024-04-12,EIRE,12601.83
2024-04-12,Germany,11256.11
2024-04-12,Singapore,13729.67
2024-04-13,USA,10898.91
2024-04-13,EIRE,8846.27
2024-04-13,Germany,14734.81
2024-04-13,Singapore,8848.8
2024-04-14,USA,11823.38
2024-04-14,EIRE,11889.15
2024-04-14,Germany,13414.23
2024-04-14,Singapore,10991.14
2024-04-15,USA,14169.05
2024-04-15,EIRE,12017.96
2024-04-15,Germany,9783.76
2024-04-15,Singapore,9158.43
2024-04-16,USA,12232.7
2024-04-16,EIRE,13979.19
2024-04-16,Germany,13213.25
2024-04-16,Singapore,14209.53
2024-04-17,USA,12137.45
2024-04-17,EIRE,9144.38
2024-04-17,Germany,12116.3
2024-04-17,Singapore,8595.09
2024-04-18,USA,8209.18
2024-04-18,EIRE,14389.17
2024-04-18,Germany,9957.18
2024-04-18,Singapore,8529.45
2024-04-19,USA,8201.58
2024-04-19,EIRE,13882.46
2024-04-19,Germany,14932.35
2024-04-19,Singapore,11120.11
2024-04-20,USA,14284.67
2024-04-20,EIRE,9379.72
2024-04-20,Germany,11345.94
2024-04-20,Singapore,9365.21
2024-04-21,USA,14451.89
2024-04-21,EIRE,13430.56
2024-04-21,Germany,9707.88
2024-04-21,Singapore,8429.22
2024-04-22,USA,12693.47
2024-04-22,EIRE,8283.37
2024-04-22,Germany,12394.14
2024-04-22,Singapore,12496.49
2024-04-23,USA,11771.84
2024-04-23,EIRE,8324.56
2024-04-23,Germany,11502.89
2024-04-23,Singapore,13267.5
2024-04-24,USA,8050.07
2024-04-24,EIRE,11684.58
2024-04-24,Germany,12948.94
2024-04-24,Singapore,12184.19
2024-04-25,USA,11974.9
2024-04-25,EIRE,10319.6
2024-04-25,Germany,11108.0
2024-04-25,Singapore,13585.35
2024-04-26,USA,12515.27
2024-04-26,EIRE,12823.35
2024-04-26,Germany,10043.78
2024-04-26,Singapore,12438.68
2024-04-27,USA,13410.46
2024-04-27,EIRE,11610.72
2024-04-27,Germany,8030.68
2024-04-27,Singapore,8813.13
2024-04-28,USA,11497.77
2024-04-28,EIRE,9512.82
2024-04-28,Germany,12840.37
2024-04-28,Singapore,14868.72
2024-04-29,USA,13302.44
2024-04-29,EIRE,8088.08
2024-04-29,Germany,14141.76
2024-04-29,Singapore,14880.77
2024-04-30,USA,8962.94
2024-04-30,EIRE,8327.24
2024-04-30,Germany,13708.74
2024-04-30,Singapore,11212.4
2024-05-01,USA,13284.34
2024-05-01,EIRE,11253.63
2024-05-01,Germany,10813.42
2024-05-01,Singapore,9629.23
2024-05-02,USA,11717.22
2024-05-02,EIRE,10185.53
2024-05-02,Germany,10026.67
2024-05-02,Singapore,10592.36
2024-05-03,USA,8881.31
2024-05-03,EIRE,8260.65
2024-05-03,Germany,8532.0
2024-05-03,Singapore,10810.6
2024-05-04,USA,13668.63
2024-05-04,EIRE,9635.83
2024-05-04,Germany,9316.35
2024-05-04,Singapore,11705.77
2024-05-05,USA,8350.88
2024-05-05,EIRE,12358.06
2024-05-05,Germany,12850.23
2024-05-05,Singapore,9515.33
2024-05-06,USA,10783.5
2024-05-06,EIRE,13893.5
2024-05-06,Germany,10969.83
2024-05-06,Singapore,10429.75
2024-05-07,USA,12635.9
2024-05-07,EIRE,13263.58
2024-05-07,Germany,13603.85
2024-05-07,Singapore,14534.12
2024-05-08,USA,14272.81
2024-05-08,EIRE,10912.54
2024-05-08,Germany,14303.01
2024-05-08,Singapore,9202.4
2024-05-09,USA,10109.05
2024-05-09,EIRE,12457.34
2024-05-09,Germany,11938.44
2024-05-09,Singapore,14182.75
2024-05-10,USA,11081.95
2024-05-10,EIRE,12882.4
2024-05-10,Germany,9462.08
2024-05-10,Singapore,13830.26
2024-05-11,USA,12179.26
2024-05-11,EIRE,11944.71
2024-05-11,Germany,8884.45
2024-05-11,Singapore,10130.78
2024-05-12,USA,11286.46
2024-05-12,EIRE,13720.48
2024-05-12,Germany,9020.52
2024-05-12,Singapore,12209.12
2024-05-13,USA,11175.79
2024-05-13,EIRE,9188.83
2024-05-13,Germany,11570.84
2024-05-13,Singapore,13723.11
2024-05-14,USA,13619.22
2024-05-14,EIRE,12339.74
2024-05-14,Germany,8917.04
2024-05-14,Singapore,9491.37
